{"cameraMode":{"drawMode":0,"name":"Shaded","section":"Shading Mode"},"sceneLighting":false,"audioPlay":false,"sceneViewState":{"showFog":true,"showMaterialUpdate":false,"showSkybox":false,"showFlares":true,"showImageEffects":true,"showParticleSystems":true},"in2DMode":false,"pivot":{"x":0.16522017121315003,"y":-0.21037539839744569,"z":-0.5882772207260132},"rotation":{"x":0.05327465012669563,"y":-0.9458927512168884,"z":0.24596279859542848,"w":0.2048710137605667},"size":5.324338436126709,"orthographic":false}