{"cameraMode":{"drawMode":0,"name":"Shaded","section":"Shading Mode"},"sceneLighting":false,"audioPlay":false,"sceneViewState":{"showFog":true,"showMaterialUpdate":false,"showSkybox":false,"showFlares":true,"showImageEffects":true,"showParticleSystems":true},"in2DMode":false,"pivot":{"x":-4.381178855895996,"y":2.941108465194702,"z":-9.13903522491455},"rotation":{"x":0.029223883524537088,"y":-0.96256422996521,"z":0.11547581851482392,"w":0.24352332949638368},"size":15.14851188659668,"orthographic":false}