{"cameraMode":{"drawMode":0,"name":"Shaded","section":"Shading Mode"},"sceneLighting":true,"audioPlay":false,"sceneViewState":{"showFog":true,"showMaterialUpdate":false,"showSkybox":true,"showFlares":true,"showImageEffects":true,"showParticleSystems":true},"in2DMode":false,"pivot":{"x":0.48081642389297488,"y":0.005725383758544922,"z":10.69296646118164},"rotation":{"x":0.2107863575220108,"y":0.02079422026872635,"z":-0.0046335188671946529,"w":0.9774494767189026},"size":16.182823181152345,"orthographic":false}