{"cameraMode":{"drawMode":0,"name":"Shaded","section":"Shading Mode"},"sceneLighting":true,"audioPlay":false,"sceneViewState":{"showFog":true,"showMaterialUpdate":false,"showSkybox":true,"showFlares":true,"showImageEffects":true,"showParticleSystems":true},"in2DMode":false,"pivot":{"x":0.722816526889801,"y":2.7169482707977297,"z":3.9061784744262697},"rotation":{"x":0.1041947528719902,"y":0.02933485247194767,"z":-0.0035669778008013965,"w":0.9945051074028015},"size":14.11167049407959,"orthographic":false}