{"cameraMode":{"drawMode":0,"name":"Shaded","section":"Shading Mode"},"sceneLighting":true,"audioPlay":false,"sceneViewState":{"showFog":true,"showMaterialUpdate":false,"showSkybox":true,"showFlares":true,"showImageEffects":true,"showParticleSystems":true},"in2DMode":false,"pivot":{"x":-10.003707885742188,"y":-6.998721122741699,"z":36.15287780761719},"rotation":{"x":0.15043282508850099,"y":-0.13303492963314057,"z":0.020436475053429605,"w":0.9794472455978394},"size":49.291996002197269,"orthographic":false}