{"cameraMode":{"drawMode":0,"name":"Shaded","section":"Shading Mode"},"sceneLighting":true,"audioPlay":false,"sceneViewState":{"showFog":true,"showMaterialUpdate":false,"showSkybox":true,"showFlares":true,"showImageEffects":true,"showParticleSystems":true},"in2DMode":false,"pivot":{"x":-47.37425994873047,"y":-90.20236206054688,"z":298.1948547363281},"rotation":{"x":0.14990398287773133,"y":-0.07676699012517929,"z":0.011622692458331585,"w":0.9858188629150391},"size":347.1656494140625,"orthographic":false}