{"cameraMode":{"drawMode":0,"name":"Shaded","section":"Shading Mode"},"sceneLighting":true,"audioPlay":false,"sceneViewState":{"showFog":true,"showMaterialUpdate":false,"showSkybox":true,"showFlares":true,"showImageEffects":true,"showParticleSystems":true},"in2DMode":false,"pivot":{"x":4.816115379333496,"y":-0.6440836787223816,"z":-1.600947380065918},"rotation":{"x":0.1329740434885025,"y":0.7758349180221558,"z":-0.17486079037189485,"w":0.5920591950416565},"size":11.465456008911133,"orthographic":false}