{"cameraMode":{"drawMode":0,"name":"Shaded","section":"Shading Mode"},"sceneLighting":true,"audioPlay":false,"sceneViewState":{"showFog":true,"showMaterialUpdate":false,"showSkybox":true,"showFlares":true,"showImageEffects":true,"showParticleSystems":true},"in2DMode":false,"pivot":{"x":24.50872039794922,"y":-17.470705032348634,"z":83.54269409179688},"rotation":{"x":0.11350605636835098,"y":0.13991189002990724,"z":-0.01623634807765484,"w":0.9836339354515076},"size":96.90185546875,"orthographic":false}