{"cameraMode":{"drawMode":0,"name":"Shaded","section":"Shading Mode"},"sceneLighting":true,"audioPlay":false,"sceneViewState":{"showFog":true,"showMaterialUpdate":false,"showSkybox":true,"showFlares":true,"showImageEffects":true,"showParticleSystems":true},"in2DMode":false,"pivot":{"x":26.666709899902345,"y":-7.024440288543701,"z":105.49840545654297},"rotation":{"x":0.0455302819609642,"y":0.12287328392267227,"z":-0.005728563759475946,"w":0.9914933443069458},"size":112.0965347290039,"orthographic":false}