{"cameraMode":{"drawMode":0,"name":"Shaded","section":"Shading Mode"},"sceneLighting":false,"audioPlay":false,"sceneViewState":{"showFog":true,"showMaterialUpdate":false,"showSkybox":false,"showFlares":true,"showImageEffects":true,"showParticleSystems":true},"in2DMode":false,"pivot":{"x":0.5201978087425232,"y":-0.2604150176048279,"z":1.6244840621948243},"rotation":{"x":0.0008066841401159763,"y":-0.9991138577461243,"z":0.03538145869970322,"w":0.022779829800128938},"size":3.8817524909973146,"orthographic":false}